PRODUCT NAME,TYPE,SUB-TYPES,LIFESTYLE,DEALS,ORIGINS CERTIFIED,CBD,FARM,Cannabinoid ratio,PRICE(1),WEIGHT (AMOUNT)(1),WEIGHT (TYPE)(1),PRICE(2),WEIGHT (AMOUNT)(2),WEIGHT (TYPE)(2),PRICE(3),WEIGHT (AMOUNT)(3),WEIGHT (TYPE)(3),PRICE(4),WEIGHT (AMOUNT)(4),WEIGHT (TYPE)(4),PRICE(5),WEIGHT (AMOUNT)(5),WEIGHT (TYPE)(5),PRICE(6),WEIGHT (AMOUNT)(6),WEIGHT (TYPE)(6),PRODUCT DESCRIPTION
Bigfoot rosin,Concentrates,,AFTER HOURS,,,,Botanimax,,9,0.3,G,,,,,,,,,,,,,,,,
Blue Dream,Concentrates,,SELF DISCOVERY,,,,Lifted,,48,1,G,,,,,,,,,,,,,,,,
Blue Dream Kief,Concentrates,,SELF DISCOVERY,,,,Salish Sativas,,20,1,G,,,,,,,,,,,,,,,,
Boy Scout Cookies,Concentrates,,AFTER HOURS,,,,SPP,,48,1,G,,,,,,,,,,,,,,,,
Bruce Banner Kief,Concentrates,,AFTER HOURS,,,,Salish Sativas,,20,1,G,,,,,,,,,,,,,,,,
Cannabull Resin,Concentrates,,SOCIAL,,,,Avitas,,30,0.5,G,,,,,,,,,,,,,,,,
Cheese Honey Crystal,Concentrates,,SOCIAL,,,,Oleum,,55,1,G,,,,,,,,,,,,,,,,
Chernobyl,Concentrates,,ADVENTUROUS,,,,SPP,,45,1,G,,,,,,,,,,,,,,,,
Cinex,Concentrates,,SELF DISCOVERY,,,,SPP,,45,1,G,,,,,,,,,,,,,,,,
Cinex rosin,Concentrates,,SELF DISCOVERY,,,,Botanimax,,36,1,G,,,,,,,,,,,,,,,,
Cinex Sugar Resin,Concentrates,,SELF DISCOVERY,DEALS,,,Oleum,,35,1,G,,,,,,,,,,,,,,,,
Cookies and Cream,Concentrates,,AFTER HOURS,,,,Lifted,,48,1,G,,,,,,,,,,,,,,,,
Cookies n Cream Sugar Resin,Concentrates,,AFTER HOURS,,,,Oleum,,45,1,G,,,,,,,,,,,,,,,,
CPK Sugar Resin,Concentrates,,PARTY GO'ER,,,,Oleum,,45,1,G,,,,,,,,,,,,,,,,
French Milkshake Shatter,Concentrates,,SOCIAL,,,,Svin,,40,1,G,,,,,,,,,,,,,,,,
Fruity Chronic Kush Sugar Wax,Concentrates,,PARTY GO'ER,,,,Svin,,40,1,G,,,,,,,,,,,,,,,,
Girl Scout Cookies rosin,Concentrates,,AFTER HOURS,,,,Botanimax,,36,1,G,,,,,,,,,,,,,,,,
Goji OG Terp Sauce,Concentrates,,SOCIAL,,,,Lifted,,48,1,G,,,,,,,,,,,,,,,,
Gorilla Glue #4 Terp Batter,Concentrates,,PARTY GO'ER,,,,Svin,,40,1,G,,,,,,,,,,,,,,,,
Gorilla Glue 6* Polar Ice Hash,Concentrates,,PARTY GO'ER,,,,Gold Leaf,,48,0.5,G,70,1,G,,,,,,,,,,,,,
Green Goo BHO,Concentrates,,SOCIAL,,,,Svin,,40,1,G,,,,,,,,,,,,,,,,
Green Widow BHO,Concentrates,,SELF DISCOVERY,,,,Svin,,40,1,G,,,,,,,,,,,,,,,,
Indica CBD RSO,Concentrates,,HOLISTIC,,,,Ethos,,40,1,G,,,,,,,,,,,,,,,,
Indica Diablo Live Resin,Concentrates,,PARTY GO'ER,,,,Svin,,50,1,G,,,,,,,,,,,,,,,,
Lemon Cheesecake Live Resin,Concentrates,,AFTER HOURS,,,,Svin,,50,1,G,,,,,,,,,,,,,,,,
Lemon Haze Diesel Live Resin,Concentrates,,ADVENTUROUS,,,,Svin,,50,1,G,,,,,,,,,,,,,,,,
Liberrty CBD Shatter,Concentrates,,HOLISTIC,,,,CE Gardens,,30,1,G,,,,,,,,,,,,,,,,
Locktite BHO,Concentrates,,SOCIAL,,,,Svin,,40,1,G,,,,,,,,,,,,,,,,
Mcberry ,Concentrates,,SOCIAL,,,,SPP,,48,1,G,,,,,,,,,,,,,,,,
Mendo City Purps Hash,Concentrates,,AFTER HOURS,,,,Green Barn Farms,,35,1,G,,,,,,,,,,,,,,,,
Mixed CBD Kief,Concentrates,,HOLISTIC,,,,Salish Sativas,,20,1,G,,,,,,,,,,,,,,,,
OG Kush rosin,Concentrates,,SOCIAL,,,,Avitas,,30,0.5,G,,,,,,,,,,,,,,,,
OGRingo,Concentrates,,SOCIAL,,,,SPP,,45,1,G,,,,,,,,,,,,,,,,
Peppermint Cookies 5* Polar Ice Hash,Concentrates,,AFTER HOURS,,,,Gold Leaf,,40,0.5,G,,,,,,,,,,,,,,,,
Peppermint Cookies 6* Polar Ice Hash,Concentrates,,AFTER HOURS,,,,Gold Leaf,,48,0.5,G,80,1,G,,,,,,,,,,,,,
Pineapple Express Live Resin,Concentrates,,ADVENTUROUS,,,,Svin,,50,1,G,,,,,,,,,,,,,,,,
Purple Kush Sugar Resin,Concentrates,,PARTY GO'ER,,,,Oleum,,45,1,G,,,,,,,,,,,,,,,,
RudeBoi Hash Rosin,Concentrates,,AFTER HOURS,,,,Gold Leaf,,75,1,G,,,,,,,,,,,,,,,,
Sativa CBD RSO,Concentrates,,HOLISTIC,,,,Ethos,,40,1,G,,,,,,,,,,,,,,,,
Scooby Snacks,Concentrates,,AFTER HOURS,,,,T.H.Sea,,48,1,G,,,,,,,,,,,,,,,,
Siberian White Widow Live Resin,Concentrates,,PARTY GO'ER,,,,Svin,,50,1,G,,,,,,,,,,,,,,,,
Sour Diesel Hash Rosin,Concentrates,,SELF DISCOVERY,,,,Gold Leaf,,75,1,G,,,,,,,,,,,,,,,,
Super Lemon Haze,Concentrates,,SELF DISCOVERY,,,,T.H.Sea,,48,1,G,,,,,,,,,,,,,,,,
The White Sugar Resin,Concentrates,,AFTER HOURS,,,,Oleum,,45,1,G,,,,,,,,,,,,,,,,
Timewreck Live Resin,Concentrates,,ADVENTUROUS,,,,Svin,,50,1,G,,,,,,,,,,,,,,,,
White Bubba honey crystal,Concentrates,,AFTER HOURS,,,,Oleum,,55,1,G,,,,,,,,,,,,,,,,
White Lightning,Concentrates,,ADVENTUROUS,,,,T.H.Sea,,48,1,G,,,,,,,,,,,,,,,,
White Sky Sugar Resin,Concentrates,,AFTER HOURS,,,,Oleum,,45,1,G,,,,,,,,,,,,,,,,
Wonder Woman Hash,Concentrates,,ADVENTUROUS,,,,Green Barn Farms,,35,1,G,,,,,,,,,,,,,,,,
Hard Candies - Apple,Edibles,,AFTER HOURS,,,,Nasty Jacks,,4,10,MG,,,,,,,,,,,,,,,,"Delicious hard candies infused with high quality cannabis oil. Available in: Apple, Mango and Root Beer"
Berry,Edibles,,SOCIAL,,,,CannaBurst,,32,10pk/100,MG,,,,,,,,,,,,,,,,Unavailable
Blue Balls,Edibles,,AFTER HOURS,,,,Nasty Jacks,,35,10pk/100,MG,,,,,,,,,,,,,,,,Nasty Jacks blue balls feature chocolate and pretzles and cannabis! What else could you need?
Grape Candy,Edibles,,SOCIAL,,,,CannaBurst,,32,10pk/100,MG,,,,,,,,,,,,,,,,Unavailable
Malt Balls,Edibles,,AFTER HOURS,,,,Nasty Jacks,,35,10pk/100,MG,,,,,,,,,,,,,,,,These delicious handmade Malt Balls are sure to take you back to the good ol' days. Delicious chocolate with a satisfying center! 
Mango Fruit Chew,Edibles,,SOCIAL,,,,CannaBurst,,32,10pk/100,MG,,,,,,,,,,,,,,,,Unavailable
Raspberry,Edibles,,AFTER HOURS,,,,Nasty Jacks,,4,10,MG,,,,,,,,,,,,,,,,"Delicious hard candies infused with high quality cannabis oil. Available in: Apple, Mango and Root Beer"
Rootbeer,Edibles,,HOLISTIC,,,,Nasty Jacks,,4,10,MG,,,,,,,,,,,,,,,,"Delicious hard candies infused with high quality cannabis oil. Available in: Apple, Mango and Root Beer
"
Strawberry Quencher Hardcandy,Edibles,,AFTER HOURS,,,,Evergreen Herbal,,30,100,MG,,,,,,,,,,,,,,,,All the fruit flavor and potency of the beverages in a bite-sized hard candy! Fruit Sparks come in a twin pack so you customize your dose. Sublingual absorption allows cannabinoids to enter the bloodstream more rapidly for faster relief
Strawberry Chew,Edibles,,HOLISTIC,,,,CannaBurst,,32,10pk/100,MG,,,,,,,,,,,,,,,,Unavailable
White Chocolate,Edibles,,AFTER HOURS,,,,Seagoat ,,29,100,MG,,,,,,,,,,,,,,,,Taste a bite of these delicious cannabis infused chocolate bars. Available in several flavors and all made with natural ingredients!
420 Mini Hemp Crunch ,Edibles,,AFTER HOURS,,,,Evergreen Herbal ,,35,100,MG,,,,,,,,,,,,,,,,"Available in Dark Chocolate, Hemp Crunch, Milk Chocolate Toffee, Dark Chocolate Espresso and Hazelnut."
420 Mini Milk Chocolate Toffee ,Edibles,,AFTER HOURS,,,,Evergreen Herbal ,,35,100,MG,,,,,,,,,,,,,,,,"Available in Dark Chocolate, Hemp Crunch, Milk Chocolate Toffee, Dark Chocolate Espresso and Hazelnut."
Beauty Sleep,Edibles,,HOLISTIC,,,,Ethos,,40,100,MG,,,,,,,,,,,,,,,,
Belgium Chocolate (Dark),Edibles,,AFTER HOURS,,,,CannaVita,,5,10,MG,33,100,MG,,,,,,,,,,,,,"Choose between Milk, Dark or Raspberry Chocolate made by Canna Vita. Handmade with premium natural ingredients. No artificial flavors or preservatives."
Belgium Chocolate (Milk),Edibles,,AFTER HOURS,,,,CannaVita,,5,10,MG,33,100,MG,,,,,,,,,,,,,"Choose between Milk, Dark or Raspberry Chocolate made by Canna Vita. Handmade with premium natural ingredients. No artificial flavors or preservatives."
Belgium Chocolate (Raspberry),Edibles,,AFTER HOURS,,,,CannaVita,,5,10,MG,33,100,MG,,,,,,,,,,,,,"Choose between Milk, Dark or Raspberry Chocolate made by Canna Vita. Handmade with premium natural ingredients. No artificial flavors or preservatives."
Caramel Brownie ,Edibles,,AFTER HOURS,,,,Zoots,,5,20,MG,,,,,,,,,,,,,,,,"Indulge your cravings with sinfully delicious Caramel Espresso Brownies. Handmade with rich, premium chocolate and all natural ingredients. 10 mg in each brownie and only 70 calories so you can indulge without guilt. Gluten-Free"
Blue Raspberry Quencher Hardcandy,Edibles,,SOCIAL,,,,Evergreen Herbal,,30,100,MG,,,,,,,,,,,,,,,,All the fruit flavor and potency of the beverages in a bite-sized hard candy! Fruit Sparks come in a twin pack so you customize your dose. Sublingual absorption allows cannabinoids to enter the bloodstream more rapidly for faster relief
CE Pioneer Squares Cherry ,Edibles,,AFTER HOURS,,,,Craft Elixirs,,5,10,MG,,,,,,,,,,,,,,,,These delicious Pioneer Squares come in Cherry or Lemon. 
CBD Cherry Pioneer Squares,Edibles,,HOLISTIC,,,,Craft Elixirs,,34,100,MG,,,,,,,,,,,,,,,,
CBD Mango Quencher Hardcandy,Edibles,,HOLISTIC,,,,Evergreen Herbal,,45,100,MG,,,,,,,,,,,,,,,,All the fruit flavor and potency of the beverages in a bite-sized hard candy! Fruit Sparks come in a twin pack so you customize your dose. Sublingual absorption allows cannabinoids to enter the bloodstream more rapidly for faster relief
CBD Strawberry Quencher Hardcandy,Edibles,,HOLISTIC,,,,Evergreen Herbal,,45,100,MG,,,,,,,,,,,,,,,,All the fruit flavor and potency of the beverages in a bite-sized hard candy! Fruit Sparks come in a twin pack so you customize your dose. Sublingual absorption allows cannabinoids to enter the bloodstream more rapidly for faster relief
Cinammon Drops,Edibles,,AFTER HOURS,,,,Zoots,,28,100,MG,,,,,,,,,,,,,,,,"Delicious, all natural edibles you can trust for a consistent and pleasantly elevated experience."
Corner Stone Chocolate (Dark),Edibles,,AFTER HOURS,,,,CannaVita,,25,100,MG,,,,,,,,,,,,,,,,"Handmade with premium natural ingredients. No artificial flavors or preservatives. Available in Mint, Milk, Dark, Espresso and PButter."
Corner Stone Chocolate (Espresso),Edibles,,SOCIAL,,,,CannaVita,,25,100,MG,,,,,,,,,,,,,,,,"Handmade with premium natural ingredients. No artificial flavors or preservatives. Available in Mint, Milk, Dark, Espresso and PButter."
Corner Stone Chocolate (Milk),Edibles,,AFTER HOURS,,,,CannaVita,,25,100,MG,,,,,,,,,,,,,,,,"Handmade with premium natural ingredients. No artificial flavors or preservatives. Available in Mint, Milk, Dark, Espresso and PButter."
Corner Stone Chocolate (Peanut Butter),Edibles,,AFTER HOURS,,,,CannaVita,,25,100,MG,,,,,,,,,,,,,,,,"Handmade with premium natural ingredients. No artificial flavors or preservatives. Available in Mint, Milk, Dark, Espresso and PButter."
Corner Stone Chocolate (mint),Edibles,,AFTER HOURS,,,,CannaVita,,25,100,MG,,,,,,,,,,,,,,,,"Handmade with premium natural ingredients. No artificial flavors or preservatives. Available in Mint, Milk, Dark, Espresso and PButter. 
"
Dark Chocolate ,Edibles,,AFTER HOURS,,,,Seagoat ,,6,10,MG,29,100,MG,,,,,,,,,,,,,Taste a bite of these delicious cannabis infused chocolate bars. Available in several flavors and all made with natural ingredients!
Fremont Freaks Cin Apples,Edibles,,AFTER HOURS,,,,Craft Elixirs,,5,10,MG,,,,,,,,,,,,,,,,Apples and cinnamon are a well-known flavorful pair. Naturally adding a touch of THC would make our taste buds happy! Delicious and natural!
Fremont Freaks Lemon-Lime,Edibles,,AFTER HOURS,,,,Craft Elixirs,,5,10,MG,,,,,,,,,,,,,,,,"Tart and sweet these candied and THC infused lemons, limes and oranges are tempting on their own but even more delicious alongside vanilla bean ice cream. Enjoy and partake in natural goodness"
Blackberry Bites ,Edibles,,AFTER HOURS,,,,Green Light Baked Goods,,15,20,MG,35,60,MG,,,,,,,,,,,,,"Sweet, tangy blackberry preserves sandwiched between toasted walnut and buttery crumble crusts. These bites are undeniably delectable!"
Capitol Hill Bites ,Edibles,,AFTER HOURS,,,,Green Light Baked Goods,,15,20,MG,,,,,,,,,,,,,,,,"Sweet, tangy raspberry preserves sandwiched between toasted walnut and buttery crumble crusts. These bites are undeniably delectable!"
Raspberry Bites ,Edibles,,AFTER HOURS,,,,Green Light Baked Goods,,15,20,MG,35,60,MG,,,,,,,,,,,,,"Sweet, tangy raspberry preserves sandwiched between toasted walnut and buttery crumble crusts. These bites are undeniably delectable!"
Mango Quencher Hardcandy,Edibles,,AFTER HOURS,,,,Evergreen Herbal,,30,100,MG,,,,,,,,,,,,,,,,All the fruit flavor and potency of the beverages in a bite-sized hard candy! Fruit Sparks come in a twin pack so you customize your dose. Sublingual absorption allows cannabinoids to enter the bloodstream more rapidly for faster relief
Milk Chocolate ,Edibles,,AFTER HOURS,,,,Seagoat ,,6,10,MG,29,100,MG,,,,,,,,,,,,,Taste a bite of these delicious cannabis infused chocolate bars. Available in several flavors and all made with natural ingredients!
Mint Chocolate,Edibles,,AFTER HOURS,,,,Seagoat ,,6,10,MG,29,100,MG,,,,,,,,,,,,,Taste a bite of these delicious cannabis infused chocolate bars. Available in several flavors and all made with natural ingredients! 
Mints Green Tea Peppermint Indica,Edibles,,SOCIAL,,,,Swift,,35,100,MG,,,,,,,,,,,,,,,,"Precise blend of the finest cannabis, green tea and pure extracts. Sugar free and contain all natural ingredients. Enjoy a breath freshening treat! "
Oak Hybrid Slips,Edibles,,SOCIAL,,,,Oaker,,5,10,MG,,,,,,,,,,,,,,,,Unavailable
Oak Indica Slips ,Edibles,,AFTER HOURS,,,,Oaker,,5,10,MG,,,,,,,,,,,,,,,,Unavailable
Oak 2:1 Strip,Edibles,,HOLISTIC,,,,Oaker,,6,10,MG,,,,,,,,,,,,,,,,Unavailable
Oak CBD Slips,Edibles,,AFTER HOURS,,,,Oaker,,5,10,MG,,,,,,,,,,,,,,,,Unavailable
Oak Sativa,Edibles,,SOCIAL,,,,Oaker,,5,10,MG,,,,,,,,,,,,,,,,Unavailable
Pioneer Squares (Cherry),Edibles,,AFTER HOURS,,,,Craft Elixirs,,29,100,MG,,,,,,,,,,,,,,,,
Pioneer Squares (Lemon),Edibles,,AFTER HOURS,,,,Craft Elixirs,,29,100,MG,,,,,,,,,,,,,,,,
Pomegranate Blueberry Acai Cannabis Quencher,Edibles,,AFTER HOURS,,,,Evergreen Herbal,,30,100,MG,,,,,,,,,,,,,,,,"Oh yes we did: put three of the world’s highest antioxidant fruits all in one bottle with the superest food of all: Washington-grown cannabis. Available individually or in party-ready four-packs. Serving size: 2.1oz (10mg THC), Servings per bottle: 3"
PotShotz,Edibles,,AFTER HOURS,,,,PotShotz,,36,100,MG,,,,,,,,,,,,,,,,"This unique single serving packet diffuses THC into your drink, coating your mouth and working while other edibles can be slower because they are being digested. You should feel the effects quicker."
Caramels Hybrid ,Edibles,,SOCIAL,,,,Swift,,5,10,MG,35,60,MG,,,,,,,,,,,,,"Rich whipped crème ganache, wrapped in an artisan shell melts all the day away leaving you deliciously free. 10 mg per truffle."
Honey Packets THC ,Edibles,,SOCIAL,DEALS,,,Swift,,5,10,MG,38,100,MG,,,,,,,,,,,,,Pure honey infused with cannabis oil in a convenient packet can be used as a natural sweetener to your favorite treat or simply enjoyed alone!
Mints Green Tea Peppermint Hybrid,Edibles,,SOCIAL,,,,Swift,,35,60,MG,,,,,,,,,,,,,,,,"Precise blend of the finest cannabis, green tea and pure extracts. Sugar free and contain all natural ingredients. Enjoy a breath freshening treat! "
Mints Hot Chili Cinnamon Hybrid,Edibles,,SOCIAL,DEALS,,,Swift,,35,100,MG,,,,,,,,,,,,,,,,"Precise blend of the finest cannabis, green tea and pure extracts. Sugar free and contain all natural ingredients. Enjoy a breath freshening treat!"
Sour Drops Key Lime Strawberry,Edibles,,SOCIAL,,,,Swift,,35,100,MG,,,,,,,,,,,,,,,,"All natural, deliciously sour and delightful. Melt your day away and let it all go with these wonderfully infused candy treats. Lemon Raspberry, Key Lime Strawberry or Orange Mango."
Sour Drops Lemon Raspberry,Edibles,,SOCIAL,,,,Swift,,35,100,MG,,,,,,,,,,,,,,,,"All natural, deliciously sour and delightful. Melt your day away and let it all go with these wonderfully infused candy treats. Lemon Raspberry, Key Lime Strawberry or Orange Mango."
Sour Drops Orange Mango,Edibles,,SOCIAL,,,,Swift,,35,100,MG,,,,,,,,,,,,,,,,Hot Chili Cinnamon or Green Tea Peppermint.
Butterscotch Hybrid,Edibles,,AFTER HOURS,,,,Swift,,36,60,MG,,,,,,,,,,,,,,,,"Rich whipped crème ganache, wrapped in an artisan shell melts all the day away leaving you deliciously free."
Truffles CBD Mint,Edibles,,HOLISTIC,,,,Swift,,35,60,MG,,,,,,,,,,,,,,,,"Rich whipped crème ganache, wrapped in an artisan shell melts all the day away leaving you deliciously free."
Truffles Cookies n' Cream Hybrid ,Edibles,,AFTER HOURS,DEALS,,,Swift,,5,10,MG,36,60,MG,,,,,,,,,,,,,"Rich whipped crème ganache, wrapped in an artisan shell melts all the day away leaving you deliciously free. 10 mg per truffle."
Truffles Dark,Edibles,,AFTER HOURS,DEALS,,,Swift,,5,10,MG,,,,,,,,,,,,,,,,"Rich whipped crème ganache, wrapped in an artisan shell melts all the day away leaving you deliciously free. 10 mg per truffle."
Truffles Multi-Pack ,Edibles,,AFTER HOURS,,,,Swift,,34,60,MG,,,,,,,,,,,,,,,,"Rich whipped crème ganache, wrapped in an artisan shell melts all the day away leaving you deliciously free."
Truffles Raspberry Hybrid ,Edibles,,AFTER HOURS,,,,Swift,,5,10,MG,,,,,,,,,,,,,,,,"Rich whipped crème ganache, wrapped in an artisan shell melts all the day away leaving you deliciously free. Raspberry flavored."
THC Capsules,Edibles,,AFTER HOURS,,,,CannaVita,,10,40,MG,,,,,,,,,,,,,,,,"Bold flavors pair well with this cannabis-infused tea. Great with milk and honey. Vegan, gluten free, sugar free, caffeine free and all natural ingredients."
THC Capsules,Edibles,,AFTER HOURS,,,,CannaVita,,16,80,MG,,,,,,,,,,,,,,,,"Bold flavors pair well with this cannabis-infused tea. Great with milk and honey. Vegan, gluten free, sugar free, caffeine free and all natural ingredients."
Thin Mint Cookies,Edibles,,AFTER HOURS,,,,Zoots,,6,10,MG,,,,,,,,,,,,,,,,"These delectable treats blend rich, premium chocolate and cool peppermint with a proprietary Cypress Extract of cannabis for a truly euphoric experience. Handmade with premium natural ingredients. No artificial flavors or preservatives."
White Chocolate,Edibles,,AFTER HOURS,,,,Seagoat ,,6,10,MG,,,,,,,,,,,,,,,,Taste a bite of these delicious cannabis infused chocolate bars. Available in several flavors and all made with natural ingredients!
Watermelon Quencher Hardcandy,Edibles,,AFTER HOURS,,,,Evergreen Herbal,,30,100,MG,,,,,,,,,,,,,,,,All the fruit flavor and potency of the beverages in a bite-sized hard candy! Fruit Sparks come in a twin pack so you customize your dose. Sublingual absorption allows cannabinoids to enter the bloodstream more rapidly for faster relief
Lime Drops,Edibles,,AFTER HOURS,,,,Zoots,,5,50,MG,,,,,,,,,,,,,,,,"Delicious, all natural edibles you can trust for a consistent and pleasantly elevated experience."
Zoot Mandarin Lime Drop,Edibles,,ADVENTUROUS,,,,Zoots,,35,100,MG,,,,,,,,,,,,,,,,"Energetic nirvana is within reach. Blended with green coffee bean extract, green tea, D-Ribose and a hint of mandarin lime for an invigorating caffeine boost. One capful of all natural, sugar-free ZootDrops contains 5mg of THC!"
Zoot Rocks Berry,Edibles,,SOCIAL,,,,Zoots,,28,100,MG,,,,,,,,,,,,,,,,"Delicious, all natural edibles you can trust for a consistent and pleasantly elevated experience."
Zoot Rocks Caramel,Edibles,,SOCIAL,,,,Zoots,,28,100,MG,,,,,,,,,,,,,,,,"Delicious, all natural edibles you can trust for a consistent and pleasantly elevated experience."
Zoot Rocks Lemon,Edibles,,SOCIAL,,,,Zoots,,35,100,MG,,,,,,,,,,,,,,,,"Delicious, all natural edibles you can trust for a consistent and pleasantly elevated experience."
Zoot Rocks LemonGrass ,Edibles,,SOCIAL,,,,Zoots,,28,100,MG,,,,,,,,,,,,,,,,"Delicious, all natural edibles you can trust for a consistent and pleasantly elevated experience."
Lemon Drops,Edibles,,SOCIAL,DEALS,,,Zoots,,15,50,MG,,,,,,,,,,,,,,,,"Delicious, all natural edibles you can trust for a consistent and pleasantly elevated experience."
Caramel Bon Bon ,Edibles,,AFTER HOURS,,,,Seagoat ,,8,10,MG,,,,,,,,,,,,,,,,"Made with organic sugar, butter, cream, sea salt and Dark Venezuelan chocolate"
Diamond Dawg,Flower,,SOCIAL,,,,House of Cultivar,20:01,17,1,G,55,3.5,G,210,14,G,,,,,,,,,,Potent pleasure in this hybrid. Great for during the day or evenings when you don’t want a drowsy strain. Lineage: Chem Dawg/Diamond OG
Fire Bubba,Flower,,SOCIAL,,,,Gold Leaf,12:01,60,3.5,G,215,14,G,,,,,,,,,,,,,Sweet earthy hashish flavors and a diesel aroma. Loosen up with this great strain.Lineage: Unknown
Mango Kush,Flower,,SOCIAL,,,,House of Cultivar ,15:01,58,3.5,G,,,,,,,,,,,,,,,,This strain tastes similar to an actual mango. Lineage: Unknown.
Purple Trainwreck ,Flower,,SOCIAL,,,,Origins ,14:01,75,3.5,G,,,,,,,,,,,,,,,,Classic spicy lemon scent of Trainwreck with berry undertones creating a grape like energetic strain. Lineage: Grandaddy Purp/Trainwreck
Shermanator,Flower,,SOCIAL,,,,House of Cultivar,14:01,50,3.5,G,300,28,G,,,,,,,,,,,,,Well balanced hybrid that displays a bright vibrant aroma reminiscent of spring. Great strain to enjoy any day!
Chernobyl *Archie's Cut,Flower,,SOCIAL,,,,The High Point,18:01,25,2,G,42,3.5,G,80,7,G,,,,,,,,,,"This strain is unique as it is proprietary cross to a very accredited grower named Archie Lee.  Lineage: Trainwreck, Ripper, Trinity"
Cherry Wonka,Flower,,SOCIAL,DEALS,,,Green Barn Farms,15:01,8,1,G,38,3.5,G,,,,,,,,,,,,,Part of the Wonka family with a sweet and cherry flavor. Lineage: Proprietary
Coffee Haze,Flower,,SOCIAL,,,,Kiona,7:01,35,3.5,G,35,3.5,G,,,,,,,,,,,,,Uplifting to help create the perfect social experience. This strain has an exquisite taste of honeysuckle and an intense and tropical sweetness.
Dutch Hawaiian,Flower,,SOCIAL,,,,Lucky Devil Farms,8:01,10,1,G,35,3.5,G,125,14,G,225,28,G,,,,,,,Dutch Hawaiian has an unusual light green almost lime color with a flavorful citrus experience
Dutch Treat,Flower,,SOCIAL,,,,Vashon Island Organics,11:01,55,3.5,G,355,28,G,,,,,,,,,,,,,"The most famous Amsterdam ""coffee shop"" varietal is nothing short of a strong cup. A serving of the sweet fruit and pine flavors will leave you uplifted and ready for the day."
Elphinstone,Flower,,SOCIAL,DEALS,,,Kiona,6:01,10,1,G,38,3.5,G,99,14,G,225,28,G,,,,,,,
Jesus,Flower,,SOCIAL,DEALS,,,Kiona Reserve,9:01,12,1,G,40,3.5,G,75,7,G,99,14,G,,,,,,,Seattle native with a rich pungent smell and sweet lemons and herb. Lineage: White Widow and Blue Dynamite
Lemon Cheesecake,Flower,,SOCIAL,,,,BellaDonna,9:01,30,3.5,G,,,,,,,,,,,,,,,,Fragrant bud with a captivating citrus aroma followed by a sweet and smooth taste. A great strain for relaxed and creative. Lineage: Unknown
Lime Skunk,Flower,,SOCIAL,,,,Fire Bros,11:01,38,2,G,60,3.5,G,110,7,G,,,,,,,,,,"Not to be confused with Lime Green Skunk, This Lime skunk is a sativa-dominant strain that carries the fresh aroma of limes. Connoisseur-grade flower is unparalleled. Lineage: Lemon Skunk/Green Ribbon"
Lemon Skunk,Flower,,SOCIAL,,,,House of Cultivar,8:01,17,1,G,55,3.5,G,210,14,G,,,,,,,,,,This zesty lemon strain with shake you up and leave you happy and energetic. Skunky citrus flavor. Lineage: Skunk Parents
Maui Wowie,Flower,,ADVENTUROUS,,,,Vashon Island Organics,22:01,54,3.5,G,365,28,G,,,,,,,,,,,,,"Since its beginnings in the island's volcanic soil, Maui Waui has spread across the world to bless us with its sweet pineapple flavors and high-energy euphoria"
Maui Wowie,Flower,,SELF DISCOVERY,,,,Cactus Blossom ,53:01:00,10,1,G,20,2,G,35,3.5,G,,,,,,,,,,"Since its beginnings in the island's volcanic soil, Maui Waui has spread across the world to bless us with its sweet pineapple flavors and high-energy euphoria"
Vietnam Black,Flower,,SOCIAL,,,,Kiona,13:01,10,1,G,38,3.5,G,68,7,G,,,,,,,,,,70/30 hybrid with Sativa being it’s dominant. This delish choice is sure to please. Lineage: White Strawberry/BluePower 
Chem Cookies,Flower,,SELF DISCOVERY,,,,The High Point,30:01:00,25,2,G,42,3.5,G,80,7,G,,,,,,,,,,"When smoked, this strain carries a metallic flavor and hints of citrus. Leaves you with a giggly silly feeling that is perfect for a social high. Lineage: Girls Scout/Chemdawg"
Dirty White Girl,Flower,,SELF DISCOVERY,,ORIGINS CERTIFIED,,EverGrow NW,24:01:00,14,1,G,45,3.5,G,80,7,G,150,14,G,,,,,,,
Fire OG,Flower,,ADVENTUROUS,,,,House of Cultivar,13:01,17,1,G,55,3.5,G,105,7,G,210,14,G,,,,,,,Known for being one of the strongest of the OG strain. Smells similar to strong lemon and covered in nuggets with red hair - hence the fire. Lineage: Kush and San Fernando Valley OG Kush
Fire Cracker,Flower,,SELF DISCOVERY,,,,BellaDonna,27:01:00,50,3.5,G,,,,,,,,,,,,,,,,
Golden Gage,Flower,,SELF DISCOVERY,,,,House of Cultivar ,72:01:00,17,1,G,58,3.5,G,105,7,G,200,14,G,,,,,,,Wooly Sativa-dominant hybrid strain plays well with outside activity whether it be at a club or out to breakfast! Lineage: Golden Goat/Joseph OG
Golden Goat,Flower,,SOCIAL,,,,Origins,7:01,45,3.5,G,,,,,,,,,,,,,,,,"The strain is often light green and pink in color, which is indicative of its Hawaiian sativa side. Combination of sweet, sour, and spicy, with a tropical fruit flavor. Lineage: Hawaiian Romulan/Island Sweet SKunk"
Golden Pineapple,Flower,,SOCIAL,,,,Origins ,10:01,45,3.5,G,150,14,G,,,,,,,,,,,,,"Origins Golden Pineapple is a hybrid that delivers fruity, tropical flavors. Lineage: Golden Goat/Pineapple Kush"
Harlequin,Flower,,HOLISTIC,,,,Vashon Island Organics,2:01,54,1,G,,,,,,,,,,,,,,,,75/25 Sativa-dominant strain renowned for it's eliable expression of CBD. Earthy musk and sweet mango draws you in and relieves without being too intoxicated.  Lineage: Colombian Gold/Thai/Swiss Landrace
Kosher Kush,Flower,,PARTY GO'ER,,,,Seattle Green Bud,23:01,17,1,G,52,3.5,G,90,7,G,,,,,,,,,,Winner of several awards this strain produces high levels of THC. Rich earth and fruit is what you will smell. Considered to be one of the tasiest cannabis around. Lineage: OGKush Strains
Lemon Diesel,Flower,,SELF DISCOVERY,,,,Origins,33:01:00,52,3.5,G,185,14,G,,,,,,,,,,,,,"Smooth, creamy smoke is accented by flavors of lemons and diesel. Lineage: OG Kush/Sour Diesel."
Orange Crush,Flower,,SELF DISCOVERY,,,,Evergrow Northwest,62:01:00,45,3.5,G,80,7,G,150,14,G,,,,,,,,,,"Sativa-dominant strain, offering a sweet flavor and aroma. This wonderful blend is a hybrid that keeps you perfectly blanced in a world of happy, uplifted and euphoric. Lineage: Unknown"
Strawberry Diesel,Flower,,SELF DISCOVERY,,,,Mj Productions,107:01:00,30,2,G,48,3.5,G,290,28,G,,,,,,,,,,"Flavors are just like the name with Strawberry and diesel leaving you with a sweetness. This hybrid is sure to help you discover yourself with happy, relaxing and focused effects. Lineage: Strawberry Cough/NYC Diesel"
Tahoe OG,Flower,,SELF DISCOVERY,,,,The High Point,39:01:00,25,2,G,42,3.5,G,80,7,G,,,,,,,,,,"Strong and fast-acting, this strain has an earthy, lemon taste and features a euphoric indica effect. Lineage: OG Kush/SFV OG"
SinMint Cookies BB,Flower,,PARTY GO'ER,,,,Origins,23:01,30,3.5,G,,,,,,,,,,,,,,,,Indica dominant hybrid is an after hours treat with it's shades of purple and sweet berry aroma. Lineage: Short Blueberry/Afghani
24k,Flower,,PARTY GO'ER,,,,Seattle Green Bud,27:01:00,17,1,G,52,3.5,G,90,7,G,,,,,,,,,,24k comes from 24k Gold and it's a 60% Indica hybrid that has an orange aroma and a citrus flavor with smoked. Lineage: Tangie/Kosher Kush
Oregon Diesel ,Flower,,PARTY GO'ER,,ORIGINS CERTIFIED,,Triumph ,42:01:00,50,3.5,G,90,7,G,175,14,G,,,,,,,,,,"Indica dominant hybrid that delivers a flavor of diesel, earth tones and grape. Said to deliver a happy and stress combating effect. Lineage: NYC Diesel/Blackberry"
9lb Hammer,Flower,,PARTY GO'ER,,,,Origins ,50:01:00,30,3.5,G,,,,,,,,,,,,,,,,"Special quality, made just for Origins. This strain is perfect for melting the troubles of the day away! Indica dominates"
Chem 91,Flower,,SELF DISCOVERY,,,,Seattle Green Bud,28:01:00,17,1,G,52,3.5,G,90,7,G,,,,,,,,,,"Special cross put together by House of Cultivar.  Powerful high, euphoric"
Cultivar Cookies,Flower,,PARTY GO'ER,,,,House of Cultivar,51:01:00,17,1,G,55,3.5,G,,,,,,,,,,,,,"Special cross put together by House of Cultivar.  Powerful high, euphoric"
Frankenstein ,Flower,,PARTY GO'ER,,,,The High Point,55:01:00,25,2,G,42,3.5,G,80,7,G,30,3.5,G,,,,,,,Specially made for Origins. Heavy Indica strain whose parents are unknown. Packs a punch – watch out! Lineage: Unknown
Banana Peel,Flower,,PARTY GO'ER,,,,Triumph,41:01:00,14,1,G,45,3.5,G,90,7,G,,,,,,,,,,Banana peel is a hybrid cannabis strain bred by Illuminati seeds. Both parents bring both flavor and potency to the mix. Lineage: Banana OG/ Abusive OG/ West Coast Dog 
Blue Mystic,Flower,,PARTY GO'ER,,,,Mj Productions,97:01:00,30,2,G,48,3.5,G,290,28,G,,,,,,,,,,Light blue coloring Indica strain. Distinctive blueberry aroma but very subtle. Lineage: Blueberry Skunk/Northern Lights
Blueberry Pancakes,Flower,,PARTY GO'ER,,,,Fire Bros,46:01:00,38,2,G,60,3.5,G,110,7,G,,,,,,,,,,This strain actually tastes like it's name! Purple buds. Lineage: DJ Short Blueberry/Unknown
Cherry Pie,Flower,,PARTY GO'ER,,,,House of Cultivar ,30:01:00,58,3.5,G,105,7,G,200,14,G,17,1,G,,,,,,,An uplifting and energetic sativea-dominant hybrid. Equally great for both chore time and happy hour. Lineage: Granddaddy Purple/Durban Poison
Cultivar Cookies,Flower,,PARTY GO'ER,,,,House of Cultivar,57:01:00,17,1,G,55,3.5,G,,,,,,,,,,,,,"Special cross put together by House of Cultivar.  Powerful high, euphoric"
Gorilla Glue ,Flower,,ADVENTUROUS,,,,Kiona Reserve,26:01:00,12,1,G,40,3.5,G,,,,,,,,,,,,,The ever-popular Gorilla Glue continues to be a best seller. Potent and flavorful sister strain to Gorilla Glue #4. Lineage: Chems Sister/Chocolate Diesel
Oregon Diesel ,Flower,,PARTY GO'ER,,,,Triumph ,42:01:00,95,7,G,175,14,G,,,,,,,,,,,,,"Indica dominant hybrid that delivers a flavor of diesel, earth tones and grape. Said to deliver a happy and stress combating effect. Lineage: NYC Diesel/Blackberry"
Sweet Baby Jane,Flower,,PARTY GO'ER,,,,Vashon Island Organics,42:01:00,54,3.5,G,54,3.5,G,365,28,G,,,,,,,,,,Indica dominant strain of the highest caliber. Enjoy this citrus profile. Lineage: Unknown
Velvet Kush,Flower,,PARTY GO'ER,,,,Mj Productions,238:01:00,30,2,G,48,3.5,G,290,28,G,,,,,,,,,,Evenly balanced hybrid with a sweet tea taste that tickles your tongue and a cheesy aftertaste! Known as a creative strain. Lineage: Velvet Kush/Silver Kush
White Romulan,Flower,,PARTY GO'ER,,,,Thsea,36:01:00,14,1,G,48,3.5,G,95,7,G,290,28,G,,,,,,,"Evenly balanced hybrid of indica/sativa. Tastes of sweet and spicy fruit with nice earthly finish. This strain will leave you focused, happy, and relaxed. Lineage: unknown"
White Widow ,Flower,,PARTY GO'ER,,,,Seattle Green Bud,21:01,17,1,G,52,3.5,G,90,7,G,,,,,,,,,,Lime green tone and funky undertones. Lineage: Trueberry/Abba Zabba
Alien Orange Cookies,Flower,,SOCIAL,,,,House of Cultivar,7:01,17,1,G,55,3.5,G,,,,,,,,,,,,,"A flavor-packed strain, Orange Cookies expresses itself with a strong aroma of sweet citrus that closely resembles a fresh tangerine right off the tree.Lineage: Orange Juice & Girl Scout Cookies"
Aliens on Moonshine,Flower,,HOLISTIC,,,,The High Point,2:01,20,2,G,40,3.5,G,,,,,,,,,,,,,Indica Dominant high CBD strain displays an herbaceous scent with a crisp menthol taste. Lineage: unknown
Charolette's Web,Flower,,HOLISTIC,,,,The High Point,3:01,12,1,G,40,3.5,G,,,,,,,,,,,,,"Often used in medical for its high-CBD content, this Sativa is perfect for our Holistic lifestyle. Flavors are earthy, woody and hints of pine.  Lineage: Charlotte’s Web."
Critical Mass,Flower,,HOLISTIC,,,,Dream City,2:01,12,1,G,38,3.5,G,70,7,G,128,14,G,,,,,,,Critical Mass is a combination of Afghani and Skunk #1 that originated from then breeder Mr. Nice Seed Bank Lineage: Afghani/Skunk
Medi Haze,Flower,,HOLISTIC,,,,Dream City,2:01,12,1,G,12,1,G,38,3.5,G,10,1,G,,,,,,,"Sativa-dominant hybrid. Created to provide a high CBD and other Cannabinoids beyond THC. Lineage - Super Silver Haze, Neville's Haze"
Carnival Kush,Flower,,AFTER HOURS,,,,Harmony Farms ,19:01,32,2,G,52,3.5,G,95,7,G,190,14,G,365,28,G,,,,"Exclusive to Harmony Farms, This Indica-Dominant strain is very popular. It's Sugary and berry-like undertones mix amazingly with its signature skunky and kush like aromas. "
Cheesequake,Flower,,AFTER HOURS,,,,SPP,20:01,48,3.5,G,,,,,,,,,,,,,,,,This relaxed and carefree hybrid comprised of cheese/querkle is sure to deliver the chill your seeking after a long day. lineage: Cheese/Querkle
Chem Dawg,Flower,,AFTER HOURS,,,,Dream City,27:01:00,12,1,G,38,3.5,G,,,,,,,,,,,,,"Chemdawg has developed quite the name for itself over the years. Between it's mysterious origin, ambiguous genetics, and the plethora of successful crosses the strain has produced, Chemdawg has practically secured itselfa permanent place in the cannabis hall of fame. Lineage: Nepalese / Thai"
Cherry Pie X Mendo,Flower,,AFTER HOURS,,,,House of Cultivar ,9:01,17,1,G,55,3.5,G,110,7,G,210,14,G,,,,,,,California strain with classic cherry pie flavors and cross from Mendocino.
Critical Kush,Flower,,AFTER HOURS,,,,Seattle Green Bud,21:01,95,7,G,,,,,,,,,,,,,,,,Aromatic notes of earthiness and spice usher in a calming sensation helping you relax. Perfect for after-hours. Lineage: Critical Mass/OG Kush
God's Gift,Flower,,PARTY GO'ER,,,,Fire Bros,39:01:00,38,2,G,60,3.5,G,110,7,G,,,,,,,,,,"This popular California strain features flavors of grape, citrus and hash. Lineage: Grandaddy Purple/OG Kush"
GG#4,Flower,,AFTER HOURS,DEALS,,,Kiona,12:01,10,1,G,38,3.5,G,68,7,G,99,14,G,225,28,G,,,,"Multi award-winning bud, this strain provides a heavy-handed high. Lineage: Chems Sisters/SourDubb/Chocolate Diesel
"
Monolith,Flower,,AFTER HOURS,,,,Kiona,9:01,38,3.5,G,10,1,G,,,,,,,,,,,,,Pungent earthy herb laced with sticky sweet terpenes. Lineage: Afghan roots/unknown
Peppermint Cookies,Flower,,AFTER HOURS,,,,Gold Leaf,25:01:00,38,2,G,215,14,G,15,1,G,,,,,,,,,,"Gold Leaf's award winning peppermint cookies is a strain that many dont move from, with the most loyal following behind it, you're assured to have all expectations exceeded. Place your nose in this cookie jar and you'll be sure to experience sweet honey, and roasted coffee. Your pallate will distinguish menthol followed by a nutty exhale. Lineage: Bred in-house and kept under tight lips."
Pineapple Chunk,Flower,,ADVENTUROUS,,,,Cactus Blossom ,39:01:00,10,1,G,20,2,G,35,3.5,G,,,,,,,,,,"Indica-leaning hybrid that will induce heavy body effects and fast paced head buzz. Notes of tangy skunk, earthy cheese and sweet pineapple. Lineage: Cheese Skunk #1/Pineapple"
Pineapple super silver haze,Flower,,SOCIAL,,,,Fire Bros,6:01,38,2,G,60,3.5,G,110,7,G,,,,,,,,,,"Aroma delivers a tropical mixture of mango, pineapple and oranges. The sativa in it is a perfect pick-me-up with creative effects. Lineage: Super Silver Haze/Pineapple Express"
Plushberry,Flower,,AFTER HOURS,,,,Cactus Blossom ,21:01,10,1,G,20,2,G,35,3.5,G,,,,,,,,,,"With an 80% Indica blend, this strain promtes deep relaxtion making it a perfect choice for after hour enjoyment. Aromatic berry scent. Lineage: Black Cherry Soda/Space Queen"
Pure Kush Bubblegum,Flower,,AFTER HOURS,,,,House of Cultivar ,20:01,17,1,G,58,3.5,G,105,7,G,,,,,,,,,,A fully relaxing sativa-dominant hybrid. Perfect for unwinding after a long day and having a good laugh. Lineage: Grandaddy Purple/Bubblegum
Purple Arrow,Flower,,AFTER HOURS,,,,Harmony Farms,8:01,32,2,G,52,3.5,G,95,7,G,190,14,G,,,,,,,Potent earthy Indica with a sweet piney finish.  Great for a mellow night to unwind. Lineage: Unknown. 
Purple Diesel,Flower,,AFTER HOURS,,,,Green Barn Farms,13:01,10,1,G,35,3.5,G,70,7,G,,,,,,,,,,"Purple Diesel features a sour, fuel-like aroma. Lineage: pre 98 Bubba Kush/ Sour Diesel"
RudeBoi OG,Flower,,AFTER HOURS,,,,Gold Leaf,17:01,38,2,G,,,,,,,,,,,,,,,,"Bred by Archive Seeds, RudeBoi OG is an indica-dominant hybrid cannabis strain with an earthy nutty flavor. Lineage: Face off OG/ Irene OG"
Shishkaberry,Flower,,AFTER HOURS,,,,Seattle Green Bud,17:01,17,1,G,52,3.5,G,90,7,G,,,,,,,,,,Indica dominant hybrid is an after hours treat with it's shades of purple and sweet berry aroma. Lineage: Short Blueberry/Afghani
Blue Dream ,Flower,,ADVENTUROUS,,,,Lifted,20:01,48,3.5,G,,,,,,,,,,,,,,,,A top choice strain of cannabis has now made it's way to WA state. Intense berry flavor followed by a cerebral and relaxing high. This sativa dominant hybrid is sure to please on any activity. Lineage: Unknown
Snoops Dream,Flower,,AFTER HOURS,,,,Lucky Devil Farms,7:01,10,1,G,35,3.5,G,125,14,G,225,28,G,,,,,,,One of Snoops favorites. Blueberry flavor with pine and sweet finishes. Lineage: Blue Dream/Master Kush
Strawberry Banana,Flower,,PARTY GO'ER,,,,Seattle Green Bud,32:01:00,52,3.5,G,90,7,G,,,,,,,,,,,,,Sweet fruity flavor that earned its name. This hybrid will sharpen creativity and sensory awareness making it great for the party go'er. Lineage: Banana Kush/Bubblegum
Super Glue,Flower,,AFTER HOURS,,,,House of Cultivar,11:01,17,1,G,55,3.5,G,210,14,G,,,,,,,,,,Sweet caramel and pine aromas. Lineage: Hybrid of Northern Lights and Afghani.
Gorilla Glue #4,Flower,,ADVENTUROUS,,,,Kiona,13:01,10,1,G,38,3.5,G,99,14,G,195,28,G,,,,,,,"GG4 was developed by GG strains and is a indica hybrid. Resin covered buds provide a pungent, earthy sour flavor. Lineage: chem Sisters/ Sour dubb/ Chocolate diesel"
Guava,Flower,,ADVENTUROUS,,,,House of Cultivar,16:01,55,3.5,G,350,28,G,,,,,,,,,,,,,Smells of it's name with a pleasant and balanced effect. Lineage: Unknown
Grape Diesel,Flower,,ADVENTUROUS,,,,Gold Leaf,21:01,60,3.5,G,,,,,,,,,,,,,,,,A truly unique strain with a 25:75 Indica/Sativa ratio. Bitter but with a scent of citrus undertones. Lineage: Unknown
OGKB #4,Flower,,ADVENTUROUS,,,,House of Cultivar,24:01:00,17,1,G,58,3.5,G,105,7,G,200,14,G,,,,,,,Earthy aroma overlay with citrus and gas. Lineage: Girls Scout/Unknown
Origin Diesel ,Flower,,ADVENTUROUS,,,,House of Cultivar,19:01,58,3.5,G,,,,,,,,,,,,,,,,A happy indica-dominant hybrid. Perfect to de-stress and relax!
Bay 11,Flower,,ADVENTUROUS,,,,Canna Organix,18:01,15,1,G,48,3.5,G,85,7,G,165,14,G,,,,,,,Beautiful and popular sativa that delivers a dense pale green color and amber resin with a sweet fruity flavor. Lineage: Unknown
Gorilla Glue ,Flower,,ADVENTUROUS,,,,Origins ,12:01,30,3.5,G,,,,,,,,,,,,,,,,A classic sativa pheno strain now available under the Origins name at a great quality and buy!
Jesus,Flower,,AFTER HOURS,,,,Kiona,19:01,10,1,G,38,3.5,G,125,14,G,,,,,,,,,,Seattle native with a rich pungent smell and sweet lemons and herb. Lineage: White Widow and Blue Dynamite
Gorilla Glue #4,Flower,Pre-Rolls,PARTY GO'ER,,,,Gold Leaf ,,15,1,G,,,,,,,,,,,,,,,,
Mardi Gras,Flower,Pre-Rolls,PARTY GO'ER,,,,Mr Twiser ,,15,1,G,,,,,,,,,,,,,,,,
Northern Lights #5 Oil Dipped ,Flower,Pre-Rolls,PARTY GO'ER,,,,Inferno Farms,,10,0.5,G,,,,,,,,,,,,,,,,
Purple Trainwreck Oil Infused,Flower,Pre-Rolls,PARTY GO'ER,,,,Mr Twiser ,,15,1,G,,,,,,,,,,,,,,,,
Rasta Roll Oil Infused Flower ,Flower,Pre-Rolls,PARTY GO'ER,,,,Rasta Roll,,20,1,G,,,,,,,,,,,,,,,,
Rude Boi OG,Flower,Pre-Rolls,PARTY GO'ER,,,,Gold Leaf ,,15,1,G,,,,,,,,,,,,,,,,
9lb Hammer,Flower,Pre-Rolls,AFTER HOURS,,,,Saints,,10,0.7,G,,,,,,,,,,,,,,,,
Strawberry Banana,Flower,Pre-Rolls,AFTER HOURS,,,,Saints,,10,0.7,G,,,,,,,,,,,,,,,,
White Widow Oil Dipped ,Flower,Pre-Rolls,AFTER HOURS,,,,Inferno Farms,,10,0.5,G,,,,,,,,,,,,,,,,
Double Dream,Flower,Pre-Rolls,SOCIAL,,,,Seattle Green Bud,,10,0.7,G,,,,,,,,,,,,,,,,
Kosher Kush,Flower,Pre-Rolls,PARTY GO'ER,,,,Seattle Green Bud,,10,0.7,G,,,,,,,,,,,,,,,,
Citrus Haze,Flower,Pre-Rolls,SOCIAL,,,,BellaDonna,,10,1.3,G,,,,,,,,,,,,,,,,
Chernobyl Lime,Flower,Pre-Rolls,SOCIAL,,,,Gold Leaf,,15,1,G,,,,,,,,,,,,,,,,
"Medi Haze 
",Flower,Pre-Rolls,HOLISTIC,,,,Dream City,,10,1,G,,,,,,,,,,,,,,,,
Peppermint cookies,Flower,Pre-Rolls,AFTER HOURS,,,,Gold Leaf ,,15,1,G,,,,,,,,,,,,,,,,
Purple Punch,Flower,Pre-Rolls,AFTER HOURS,,,,BellaDonna,,10,1.3,G,,,,,,,,,,,,,,,,
Lemon Cheesecake,Flower,Pre-Rolls,SOCIAL,,,,BellaDonna,,10,1.3,G,,,,,,,,,,,,,,,,
Cocoa Kush,Flower,Pre-Rolls,SOCIAL,,,,BellaDonna,,10,1.3,G,,,,,,,,,,,,,,,,
Alien OG,Flower,Pre-Rolls,AFTER HOURS,,,,Seattle Green Bud,,10,0.7,G,,,,,,,,,,,,,,,,
Jeremy Fish 5 Pack,Flower,Pre-Rolls,SOCIAL,,,,Seattle Green Bud,,40,3.5,G,,,,,,,,,,,,,,,,
Blueberry Headband 5 Pack,Flower,Pre-Rolls,SOCIAL,,,,Seattle Green Bud,,40,3.5,G,,,,,,,,,,,,,,,,
Strawberry Banana,Flower,Pre-Rolls,AFTER HOURS,,,,Seattle Green Bud,32:01:00,17,1,G,,,,,,,,,,,,,,,,
Alien OG 5 Pack,Flower,Pre-Rolls,AFTER HOURS,,,,Seattle Green Bud,,40,3.5,G,,,,,,,,,,,,,,,,
Chem 91 5 Pack,Flower,Pre-Rolls,SELF DISCOVERY,,,,Seattle Green Bud,,40,3.5,G,,,,,,,,,,,,,,,,
Strawberry Cough 5 Pack,Flower,Pre-Rolls,SELF DISCOVERY,,,,Seattle Green Bud,,40,3.5,G,,,,,,,,,,,,,,,,
Blue Dream,Concentrates,Vape-Cartridges,ADVENTUROUS,,,,Harmony Farms,,38,0.5,G,,,,,,,,,,,,,,,,
Pineapple Express,Concentrates,Vape-Cartridges,ADVENTUROUS,,,,Harmony Farms,,38,0.5,G,,,,,,,,,,,,,,,,
Trainwreck,Concentrates,Vape-Cartridges,SELF DISCOVERY,,,,Nectar,,50,0.5,G,,,,,,,,,,,,,,,,
XJ-13 Cartridge,Concentrates,Vape-Cartridges,ADVENTUROUS,,,,Harmony Farms,,38,0.5,G,,,,,,,,,,,,,,,,
Carnival Kush,Concentrates,Vape-Cartridges,AFTER HOURS,,,,Harmony Farms,,38,0.5,G,,,,,,,,,,,,,,,,
Death Star,Concentrates,Vape-Cartridges,PARTY GO'ER,,,,Dose,,29,0.5,G,,,,,,,,,,,,,,,,
Royal,Concentrates,Vape-Cartridges,PARTY GO'ER,,,,Nectar,,115,1,G,,,,,,,,,,,,,,,,
The White ,Concentrates,Vape-Cartridges,AFTER HOURS,,,,Harmony Farms,,38,0.5,G,,,,,,,,,,,,,,,,
Zensation,Concentrates,Vape-Cartridges,AFTER HOURS,,,,Harmony Farms,,38,0.5,G,,,,,,,,,,,,,,,,
AK-47,Concentrates,Vape-Cartridges,SELF DISCOVERY,,,,Harmony Farms,,38,0.5,G,,,,,,,,,,,,,,,,
Chemdawg ,Concentrates,Vape-Cartridges,SOCIAL,,,,Harmony Farms,,38,0.5,G,,,,,,,,,,,,,,,,
Cherry bomb ,Concentrates,Vape-Cartridges,AFTER HOURS,,,,Harmony Farms,,38,0.5,G,,,,,,,,,,,,,,,,
Pineapple Express,Concentrates,Vape-Cartridges,ADVENTUROUS,,,,Nectar,,115,1,G,,,,,,,,,,,,,,,,
White Russian,Concentrates,Vape-Cartridges,SOCIAL,,,,Dose,,29,0.5,G,,,,,,,,,,,,,,,,
AC/DC Full Pen,Concentrates,Vape-Cartridges,HOLISTIC,,,,Nectar,,115,1,G,,,,,,,,,,,,,,,,
Sour Tsunami,Concentrates,Vape-Cartridges,HOLISTIC,,,,Nectar,,115,1,G,,,,,,,,,,,,,,,,
AC/DC Full Pen,Concentrates,Vape-Cartridges,HOLISTIC,,,,Nectar,,115,1,G,,,,,,,,,,,,,,,,
AK-47 Tanker,Concentrates,Vape-Cartridges,SELF DISCOVERY,,,,Harmony Farms,,38,1,G,,,,,,,,,,,,,,,,
Alpha Jack Cartridge,Concentrates,Vape-Cartridges,SELF DISCOVERY,,,,Harmony Farms,,38,0.5,G,,,,,,,,,,,,,,,,
Amnesia Haze Cartridge,Concentrates,Vape-Cartridges,ADVENTUROUS,,,,Nectar,,50,0.5,G,,,,,,,,,,,,,,,,
Black 84 Cartridge,Concentrates,Vape-Cartridges,AFTER HOURS,,,,Avitas,,35,0.5,G,,,,,,,,,,,,,,,,
Blue Dream Cartridge,Concentrates,Vape-Cartridges,SELF DISCOVERY,,,,Harmony Farms,,38,0.5,G,,,,,,,,,,,,,,,,
Blueberry Cartridge,Concentrates,Vape-Cartridges,AFTER HOURS,,,,Pearl,,45,0.5,G,,,,,,,,,,,,,,,,
Bubba Fire Tanker,Concentrates,Vape-Cartridges,SOCIAL,,,,Harmony Farms,,70,1,G,,,,,,,,,,,,,,,,
Carnival Kush Cartridge,Concentrates,Vape-Cartridges,AFTER HOURS,,,,Harmony Farms,,38,0.5,G,,,,,,,,,,,,,,,,
CBD Yummy,Concentrates,Vape-Cartridges,HOLISTIC,,,,Mother Earth Botanicals,,40,0.5,G,,,,,,,,,,,,,,,,
Chocolate Chunk Cartridge,Concentrates,Vape-Cartridges,SOCIAL,,,,Nectar,,50,0.5,G,,,,,,,,,,,,,,,,
Cinex Cartridge,Concentrates,Vape-Cartridges,SELF DISCOVERY,,,,Avitas,,35,0.5,G,,,,,,,,,,,,,,,,
Critical Mass Cartridge,Concentrates,Vape-Cartridges,HOLISTIC,,,,Oleum,,48,0.5,G,,,,,,,,,,,,,,,,
Death Star Cartridge,Concentrates,Vape-Cartridges,PARTY GO'ER,,,,Dose,,29,0.5,G,,,,,,,,,,,,,,,,
Durban Poison Cartridge,Concentrates,Vape-Cartridges,SELF DISCOVERY,,,,Nectar,,50,0.5,G,,,,,,,,,,,,,,,,
Girl Scout Cookies Cartridge,Concentrates,Vape-Cartridges,SOCIAL,,,,Oleum,,48,0.5,G,,,,,,,,,,,,,,,,
Gorilla Glue Tanker,Concentrates,Vape-Cartridges,AFTER HOURS,,,,Harmony Farms,,70,1,G,,,,,,,,,,,,,,,,
Grape Ape Tanker,Concentrates,Vape-Cartridges,PARTY GO'ER,,,,Dose,,40,1,G,,,,,,,,,,,,,,,,
Guadalupe Tanker,Concentrates,Vape-Cartridges,SELF DISCOVERY,,,,Harmony Farms,,70,1,G,,,,,,,,,,,,,,,,
Harlequin,Concentrates,Vape-Cartridges,HOLISTIC,,,,Mother Earth Botanicals,,40,0.5,G,,,,,,,,,,,,,,,,75/25 Sativa-dominant strain renowned for it's eliable expression of CBD. Earthy musk and sweet mango draws you in and relieves without being too intoxicated.  Lineage: Colombian Gold/Thai/Swiss Landrace
Harlequin Cartridge,Concentrates,Vape-Cartridges,HOLISTIC,,,,Avitas,,35,0.5,G,,,,,,,,,,,,,,,,
Jack's Dragon Girl,Concentrates,Vape-Cartridges,SOCIAL,,,,Mother Earth Botanicals,,40,0.5,G,,,,,,,,,,,,,,,,
Kosher Kush .5g Cartridge,Concentrates,Vape-Cartridges,PARTY GO'ER,,,,Nectar,,50,0.5,G,,,,,,,,,,,,,,,,
Lemon OG Tanker,Concentrates,Vape-Cartridges,ADVENTUROUS,,,,Dose,,40,1,G,,,,,,,,,,,,,,,,
Mint Chocolate Chip Cartridge,Concentrates,Vape-Cartridges,SOCIAL,,,,Avitas,,35,0.5,G,,,,,,,,,,,,,,,,
Pennywise Cartridge,Concentrates,Vape-Cartridges,HOLISTIC,,,,Pearl,,45,0.5,G,,,,,,,,,,,,,,,,
Pineapple Express Full Pen,Concentrates,Vape-Cartridges,ADVENTUROUS,,,,Nectar,,115,1,G,,,,,,,,,,,,,,,,
Royal Indica Full Pen,Concentrates,Vape-Cartridges,PARTY GO'ER,,,,Nectar,,115,1,G,,,,,,,,,,,,,,,,
Rudeboi Tanker,Concentrates,Vape-Cartridges,AFTER HOURS,,,,Dose,,40,1,G,,,,,,,,,,,,,,,,
Santa Marta Purple Cartridge,Concentrates,Vape-Cartridges,SOCIAL,,,,Nectar,,50,0.5,G,,,,,,,,,,,,,,,,
Sour Tsunami Cartridge,Concentrates,Vape-Cartridges,HOLISTIC,,,,Nectar,,50,0.5,G,115,1,G,,,,,,,,,,,,,
Sunset Sherbet Tanker,Concentrates,Vape-Cartridges,AFTER HOURS,,,,Harmony Farms,,70,1,G,,,,,,,,,,,,,,,,
Tangie Tanker,Concentrates,Vape-Cartridges,ADVENTUROUS,,,,Harmony Farms,,70,1,G,,,,,,,,,,,,,,,,
Thin Mint Cartridge,Concentrates,Vape-Cartridges,SOCIAL,,,,Oleum,,48,0.5,G,,,,,,,,,,,,,,,,
Trainwreck Cartridge,Concentrates,Vape-Cartridges,ADVENTUROUS,,,,Nectar,,50,0.5,G,,,,,,,,,,,,,,,,
Trenchtown Cartridge,Concentrates,Vape-Cartridges,AFTER HOURS,,,,Nectar,,50,0.5,G,,,,,,,,,,,,,,,,
White Russian Cartridge,Concentrates,Vape-Cartridges,SOCIAL,,,,Nectar,,50,0.5,G,,,,,,,,,,,,,,,,
White Russian Cartridge,Concentrates,Vape-Cartridges,SOCIAL,,,,Dose,,29,0.5,G,,,,,,,,,,,,,,,,
XJ-13 Cartridge,Concentrates,Vape-Cartridges,SOCIAL,,,,Harmony Farms,,38,0.5,G,,,,,,,,,,,,,,,,
Jack's Dragon Girl,Concentrates,Vape-Cartridges,SOCIAL,,,,Mother Earth Botanicals,,40,0.5,G,,,,,,,,,,,,,,,,
Harlequin,Concentrates,Vape-Cartridges,HOLISTIC,,,,Mother Earth Botanicals,,40,0.5,G,,,,,,,,,,,,,,,,
CBD Yummy,Concentrates,Vape-Cartridges,HOLISTIC,,,,Mother Earth Botanicals,,40,0.5,G,,,,,,,,,,,,,,,,
